jobpost,date,Title,Company,AnnouncementCode,Term,Eligibility,Audience,StartDate,Duration,Location,JobDescription,JobRequirment,RequiredQual,Salary,ApplicationP,OpeningDate,Deadline,Notes,AboutC,Attach,Year,Month,IT
"AMERIA Investment Consulting Company
JOB TITLE:  Chief Financial Officer
POSITION LOCATION: Yerevan, Armenia
JOB DESCRIPTION:   AMERIA Investment Consulting Company is seeking a
Chief Financial Officer. This position manages the company's fiscal and
administrative functions, provides highly responsible and technically
complex staff assistance to the Executive Director. The work performed
requires a high level of technical proficiency in financial management
and investment management, as well as management, supervisory, and
administrative skills.
JOB RESPONSIBILITIES:  
- Supervises financial management and administrative staff, including
assigning responsibilities, reviewing employees' work processes and
products, counseling employees, giving performance evaluations, and
recommending disciplinary action;
- Serves as member of management team participating in both strategic
and operational planning for the company;
- Directs and oversees the company's financial management activities,
including establishing and monitoring internal controls, managing cash
and investments, and managing the investment portfolio in collaboration
with the Investment team leader. This includes, but is not limited to,
evaluation of investment risk, concentration risk, fund deployment
levels, adequacy of loss and liquidity reserves Assists investment team
in development of proper documentation and internal systems;
- Directs and oversees the annual budgeting process, including
developing projections for financial planning, and preparing budgets;
- Prepares external and internal financial management reports, such as
audited financial statements, tax returns, and reports for the board of
directors and company staff;
- Develops, implements, and maintains efficient and effective accounting
systems and controls to ensure compliance with national and
international accounting standards and principles, sufficiency of fund
accounting, and comprehensiveness of data for reporting and compliance
requirements;
- Ensures contract compliance, including interpreting and monitoring
contracts with clients, submitting required reports, and monitoring
covenants and other contract terms;
- Oversees the design, implementation and maintenance of computer-based
information system. Oversees records retention (both manual and
computer-based) and file maintenance activities;
- Serves as company's risk manager, including evaluating loss exposure
and obtaining insurance as appropriate;
- Manages other administrative operations, such as facilities
management, payroll administration, office operations, and
administrative support;
- Monitors corporate compliance with by-laws and articles of
incorporation regarding corporate registration and reporting of
fundraising operations.
REQUIRED QUALIFICATIONS:  To perform this job successfully, an
individual must be able to perform each essential duty satisfactorily.
The requirements listed below are representative of the knowledge,
skill, and/or ability required.
Knowledge of:
- Generally accepted accounting principles;
- Local accounting standards and legislation;
- State reporting requirements pertaining to accounting;
- Principles and practices of financial management and budgeting;
- Principles and practices of financial systems design and analysis;
- Principles and practices of contract management, records management,
and risk management;
- Principles and practices of management and supervision;
- Principles and practices of information systems management.
Ability to:
- Apply sound fiscal and administrative practices to the company's
activities;
- Plan, organize and supervise the work of subordinate employees,
including training them, assigning and evaluating their work, and
providing job performance feedback;
- Critically analyze fiscal and administrative policies, practices,
procedures, and systems, and recommend and implement changes as needed;
- Gather and synthesize financial information from a variety of sources
and present it to a variety of audiences with differing financial
management and analysis expertise;
- Prepare detailed, comprehensive financial reports, including
explanatory text;
- Operate IBM-compatible personal computer, including word processing,
spreadsheet, and database software applications;
- Operate specialized software applications that support the financial
management and budgeting functions.
Qualifications:
- A minimum of 5-7 years Accounting/ Corporate Finance/ Banking
experience, including a role as a CFO;
- Excellent finance and accounting technical skills coupled with a
demonstrated knowledge of all key financial functions in an consulting
company context - accounting, finance, control, treasury, reserving, and
reporting;
- Strong financial planning and analytical skills and experience and the
ability to work closely with and support the CEO and other executives in
strategic development and implementation;
- Excellent leadership, management and supervisory track record of
attracting, selecting, developing, rewarding and retaining high-caliber,
accounting and finance executive and teams who achieve business goals;
- An undergraduate degree in finance, business, or other related
discipline is required. A CPA, CFA, ACCA or other financial
certification is highly preferred, as is a Masters degree in Business
Administration, Accounting or Finance;
- Fluency in English, Armenian and Russian with outstanding writing
skills;
- Excellent analytical, communication, teamwork, interpersonal skills;
- Need to be well organized and detail-oriented as well as goal/ result
driven and able to deal with complex issues.
APPLICATION PROCEDURES:  To apply for this position, please submit a
cover letter and a resume addressing relevant qualifications and
experience and information on professional reference strictly to Tatevik
Hovhannisyan; Executive Assistant: fax: 374-1-546800 or e-mail:ameria@.... Tel: 374 (1) 524040; 524140. Only shortlisted
candidates will be notified for an interview.
Please clearly mention in your application letter that you learned of
this job opportunity through Career Center and mention the URL of its
website - www.careercenter.am, Thanks.
APPLICATION DEADLINE:   26 January 2004
----------------------------------
To place a free posting for job or other career related opportunities in
your organization at careercenter.am website, e-mail us atmailbox@...","Jan 5, 2004",Chief Financial Officer,AMERIA Investment Consulting Company,NA,NA,NA,NA,NA,NA,"Yerevan, Armenia","AMERIA Investment Consulting Company is seeking a
Chief Financial Officer. This position manages the company's fiscal and
administrative functions, provides highly responsible and technically
complex staff assistance to the Executive Director. The work performed
requires a high level of technical proficiency in financial management
and investment management, as well as management, supervisory, and
administrative skills.","- Supervises financial management and administrative staff, including
assigning responsibilities, reviewing employees' work processes and
products, counseling employees, giving performance evaluations, and
recommending disciplinary action;
- Serves as member of management team participating in both strategic
and operational planning for the company;
- Directs and oversees the company's financial management activities,
including establishing and monitoring internal controls, managing cash
and investments, and managing the investment portfolio in collaboration
with the Investment team leader. This includes, but is not limited to,
evaluation of investment risk, concentration risk, fund deployment
levels, adequacy of loss and liquidity reserves Assists investment team
in development of proper documentation and internal systems;
- Directs and oversees the annual budgeting process, including
developing projections for financial planning, and preparing budgets;
- Prepares external and internal financial management reports, such as
audited financial statements, tax returns, and reports for the board of
directors and company staff;
- Develops, implements, and maintains efficient and effective accounting
systems and controls to ensure compliance with national and
international accounting standards and principles, sufficiency of fund
accounting, and comprehensiveness of data for reporting and compliance
requirements;
- Ensures contract compliance, including interpreting and monitoring
contracts with clients, submitting required reports, and monitoring
covenants and other contract terms;
- Oversees the design, implementation and maintenance of computer-based
information system. Oversees records retention (both manual and
computer-based) and file maintenance activities;
- Serves as company's risk manager, including evaluating loss exposure
and obtaining insurance as appropriate;
- Manages other administrative operations, such as facilities
management, payroll administration, office operations, and
administrative support;
- Monitors corporate compliance with by-laws and articles of
incorporation regarding corporate registration and reporting of
fundraising operations.","To perform this job successfully, an
individual must be able to perform each essential duty satisfactorily.
The requirements listed below are representative of the knowledge,
skill, and/or ability required.
Knowledge of:
- Generally accepted accounting principles;
- Local accounting standards and legislation;
- State reporting requirements pertaining to accounting;
- Principles and practices of financial management and budgeting;
- Principles and practices of financial systems design and analysis;
- Principles and practices of contract management, records management,
and risk management;
- Principles and practices of management and supervision;
- Principles and practices of information systems management.
Ability to:
- Apply sound fiscal and administrative practices to the company's
activities;
- Plan, organize and supervise the work of subordinate employees,
including training them, assigning and evaluating their work, and
providing job performance feedback;
- Critically analyze fiscal and administrative policies, practices,
procedures, and systems, and recommend and implement changes as needed;
- Gather and synthesize financial information from a variety of sources
and present it to a variety of audiences with differing financial
management and analysis expertise;
- Prepare detailed, comprehensive financial reports, including
explanatory text;
- Operate IBM-compatible personal computer, including word processing,
spreadsheet, and database software applications;
- Operate specialized software applications that support the financial
management and budgeting functions.
Qualifications:
- A minimum of 5-7 years Accounting/ Corporate Finance/ Banking
experience, including a role as a CFO;
- Excellent finance and accounting technical skills coupled with a
demonstrated knowledge of all key financial functions in an consulting
company context - accounting, finance, control, treasury, reserving, and
reporting;
- Strong financial planning and analytical skills and experience and the
ability to work closely with and support the CEO and other executives in
strategic development and implementation;
- Excellent leadership, management and supervisory track record of
attracting, selecting, developing, rewarding and retaining high-caliber,
accounting and finance executive and teams who achieve business goals;
- An undergraduate degree in finance, business, or other related
discipline is required. A CPA, CFA, ACCA or other financial
certification is highly preferred, as is a Masters degree in Business
Administration, Accounting or Finance;
- Fluency in English, Armenian and Russian with outstanding writing
skills;
- Excellent analytical, communication, teamwork, interpersonal skills;
- Need to be well organized and detail-oriented as well as goal/ result
driven and able to deal with complex issues.",NA,"To apply for this position, please submit a
cover letter and a resume addressing relevant qualifications and
experience and information on professional reference strictly to Tatevik
Hovhannisyan; Executive Assistant: fax: 374-1-546800 or e-mail:ameria@.... Tel: 374 (1) 524040; 524140. Only shortlisted
candidates will be notified for an interview.
Please clearly mention in your application letter that you learned of
this job opportunity through Career Center and mention the URL of its
website - www.careercenter.am, Thanks.",NA,26-Jan-04,NA,NA,NA,2004,1,FALSE
"International Research & Exchanges Board (IREX)
TITLE:   Full-time Community Connections Intern (paid internship)
DURATION:  3 months
LOCATION:  IREX Armenia Main Office; Yerevan, Armenia 
DESCRIPTION:   IREX currently seeks to fill the position of a paid
Intern for the Community Connections (CC) Program. The position is based
in the Yerevan office however applicants must be willing to travel
throughout Armenia as necessary.  This position reports directly to the
CC Program Manager.
RESPONSIBILITIES:  
- Presenting the CC program to interested parties; 
- Assisting in planning and scheduling of programmatic meetings and
events (this includes coordinating logistics for CC staff, visitors and
participants);
- Assisting the Program Staff;
- Translation/Interpretation from Armenian to English and vice versa;
- Helping create, maintain and update the CC filing system and
databases;
- Completing general administrative tasks for the CC program within the
office;
- Other duties as assigned/ needed.
REQUIRED QUALIFICATIONS:  
- Bachelor's Degree; Master's is preferred;
- Excellent skills in spoken and written English and Armenian languages;
- Past English to Armenian translation and Armenian to English
translation experience;
- Good communication and public speaking skills;
- Ability to work independently and as part of a team.
REMUNERATION:  Commensurate with experience.
APPLICATION PROCEDURES:   Please submit a cover letter and resume to:
IREX Yerevan office, Attn: Community Connections Program; 50 Khanjian
Str, Tekeyan Center, 2nd floor, Yerevan 375010, Armenia. E-mail:cc@.... 
Please clearly mention in your application letter that you learned of
this opportunity through Career Center and mention the URL of its
website - www.careercenter.am, Thanks.
APPLICATION DEADLINE:   12 January 2004
ABOUT COMPANY:   The International Research & Exchanges Board (IREX) is
a US-Based private, non-profit organization. The IREX Armenia Yerevan
office was established in 1992 and is a place in Armenia where
interested individuals can obtain up-to-date information on study,
research, and professional internship opportunities in the Unites
States.
IREX Yerevan collaborates with national government branches, local and
international NGOs and institutions of higher education in the promotion
of IREX- administered research and professional programs. The goal of
these programs is to make American academic and professional experiences
available to qualified individuals.
----------------------------------
To place a free posting for job or other career related opportunities in
your organization at careercenter.am website, e-mail us atmailbox@...","Jan 7, 2004",Full-time Community Connections Intern (paid internship),International Research & Exchanges Board (IREX),NA,NA,NA,NA,NA,3 months,"IREX Armenia Main Office; Yerevan, Armenia 
DESCRIPTION:   IREX currently seeks to fill the position of a paid
Intern for the Community Connections (CC) Program. The position is based
in the Yerevan office however applicants must be willing to travel
throughout Armenia as necessary.  This position reports directly to the
CC Program Manager.
RESPONSIBILITIES:  
- Presenting the CC program to interested parties; 
- Assisting in planning and scheduling of programmatic meetings and
events (this includes coordinating logistics for CC staff, visitors and
participants);
- Assisting the Program Staff;
- Translation/Interpretation from Armenian to English and vice versa;
- Helping create, maintain and update the CC filing system and
databases;
- Completing general administrative tasks for the CC program within the
office;
- Other duties as assigned/ needed.",NA,NA,"- Bachelor's Degree; Master's is preferred;
- Excellent skills in spoken and written English and Armenian languages;
- Past English to Armenian translation and Armenian to English
translation experience;
- Good communication and public speaking skills;
- Ability to work independently and as part of a team.
REMUNERATION:  Commensurate with experience.",NA,"Please submit a cover letter and resume to:
IREX Yerevan office, Attn: Community Connections Program; 50 Khanjian
Str, Tekeyan Center, 2nd floor, Yerevan 375010, Armenia. E-mail:cc@.... 
Please clearly mention in your application letter that you learned of
this opportunity through Career Center and mention the URL of its
website - www.careercenter.am, Thanks.",NA,12-Jan-04,NA,"The International Research & Exchanges Board (IREX) is
a US-Based private, non-profit organization. The IREX Armenia Yerevan
office was established in 1992 and is a place in Armenia where
interested individuals can obtain up-to-date information on study,
research, and professional internship opportunities in the Unites
States.
IREX Yerevan collaborates with national government branches, local and
international NGOs and institutions of higher education in the promotion
of IREX- administered research and professional programs. The goal of
these programs is to make American academic and professional experiences
available to qualified individuals.",NA,2004,1,FALSE
"Caucasus Environmental NGO Network (CENN)
JOB TITLE:  Country Coordinator
POSITION DURATION:   Renewable annual contract
POSITION LOCATION: Yerevan, Armenia
JOB DESCRIPTION:   Public outreach and strengthening of a growing
network of environmental NGOs, businesses, international organizations
and public agencies. Will serve as primary contact between CENN and
public. This is a full-time position.
JOB RESPONSIBILITIES:  
- Working with the Country Director to provide environmental information
to the general public via regular electronic communications and serving
as the primary local contact to Armenian NGOs and businesses and the
Armenian offices of international organizations and agencies;
- Helping to organize and prepare CENN seminars/ workshops;
- Participating in defining the strategy and policy of CENN in Armenia,
the Caucasus region and abroad.
REQUIRED QUALIFICATIONS:  
- Degree in environmentally related field, or 5 years relevant
experience;
- Oral and written fluency in Armenian, Russian and English;
- Knowledge/ experience of working with environmental issues specific to
Armenia is a plus.
REMUNERATION:  Salary commensurate with experience. 
APPLICATION PROCEDURES:   Please send resume or CV toursula.kazarian@.... Electronic submissions only, please.
Please clearly mention in your application letter that you learned of
this job opportunity through Career Center and mention the URL of its
website - www.careercenter.am, Thanks.
APPLICATION DEADLINE:   20 January 2004
START DATE:  February 2004
ABOUT COMPANY:  The Caucasus Environmental NGO Network is a
non-governmental, non-profit organization established in 1998. Since
establishment, CENN through its various projects has acted as a
voluntary effort to foster regional cooperation by means of improved
communication among environmental organizations of Armenia, Azerbaijan
and Georgia (and partly Russia and Turkey). CENN is an open,
horizontally integrated structure aimed at supporting positive,
productive communication and cooperation on environmental protection
projects and issues. 
----------------------------------
To place a free posting for job or other career related opportunities in
your organization at careercenter.am website, e-mail us atmailbox@...","Jan 7, 2004",Country Coordinator,Caucasus Environmental NGO Network (CENN),NA,NA,NA,NA,NA,"Renewable annual contract
POSITION","Yerevan, Armenia","Public outreach and strengthening of a growing
network of environmental NGOs, businesses, international organizations
and public agencies. Will serve as primary contact between CENN and
public. This is a full-time position.","- Working with the Country Director to provide environmental information
to the general public via regular electronic communications and serving
as the primary local contact to Armenian NGOs and businesses and the
Armenian offices of international organizations and agencies;
- Helping to organize and prepare CENN seminars/ workshops;
- Participating in defining the strategy and policy of CENN in Armenia,
the Caucasus region and abroad.","- Degree in environmentally related field, or 5 years relevant
experience;
- Oral and written fluency in Armenian, Russian and English;
- Knowledge/ experience of working with environmental issues specific to
Armenia is a plus.
REMUNERATION:  Salary commensurate with experience.",NA,"Please send resume or CV toursula.kazarian@.... Electronic submissions only, please.
Please clearly mention in your application letter that you learned of
this job opportunity through Career Center and mention the URL of its
website - www.careercenter.am, Thanks.",NA,"20 January 2004
START DATE:  February 2004",NA,"The Caucasus Environmental NGO Network is a
non-governmental, non-profit organization established in 1998. Since
establishment, CENN through its various projects has acted as a
voluntary effort to foster regional cooperation by means of improved
communication among environmental organizations of Armenia, Azerbaijan
and Georgia (and partly Russia and Turkey). CENN is an open,
horizontally integrated structure aimed at supporting positive,
productive communication and cooperation on environmental protection
projects and issues.",NA,2004,1,FALSE
"Manoff Group
JOB TITLE:  BCC Specialist
POSITION LOCATION: Manila, Philippines
JOB DESCRIPTION:  The LEAD (Local Enhancement and Development for
Health) BCC Specialist will apply state-of-the-art approaches in working
with LGUs (Local Government Units) and NGOs to help them to identify and
address provider-caused barriers to service provision as well as to
identify and address supports for good service delivery by developing
tools that may be adapted to each LGU's needs. S/he will work with LEAD
staff across all components to support quality service delivery and will
also monitor implementation of improved service delivery in LGUs, and
will provide additional assistance to LGUs and NGOs, as needed. S/he
will collect all relevant published and grey literature documents,
identify gaps in knowledge, and work with NGOs and consultants to fill
in the gaps. S/he will establish training for NGOs and LGU
administration staff pursuing service enhancement and provider behavior
change and will oversee the training. S/he will serve as the Project's
primary liaison to TSAP and other projects and organizations working in
behavior change.
JOB RESPONSIBILITIES:  
- Identify gaps in knowledge and overseeing information collection to
fill them;
- Consolidate partnerships with center of excellence of technical
support, working with local NGOs/COs, LCEs, and LGUs;
- Work with LEAD team to develop assessment tools for LGUs to identify
barriers and supports to quality service provision;
- Assist LGUs and NGOs to design and implement multifaceted (if
necessary), systematic interventions, based on assessment results, to
enhance quality service provision, especially through provider behavior
change. For example, ensure that not only providers, but their
supervisors are trained and that monitoring and supervisory systems
promote provider change, quality services, and sustainability of change;
- Assist other LEAD specialists and units to enhance the quality of
services, especially through BCC and provider behavior change, and
assure that programs serve community needs;
- Oversee and, when practical, co-facilitate behavior change training
activities and proposal development and coordinate these activities, as
needed, with other project components and counterpart agencies;
- Participate in developing programs to address common barriers (e.g.,
strengthen service providers' interpersonal communication skills through
on-the-job training and use of innovative training approaches based on
TSAP-FP and other projects' approaches);
- Provide training to local groups in developing programs in community
mobilization and advocacy to participate in health planning process; 
- Develop monitoring and evaluation systems for client-centered quality
care/ provider behavior change;
- Reinforce inter-organization collaboration and coordination of BCC
interventions to improve the overall quality of interventions;
- Serve as primary LEAD liaison with BCC agencies, projects, and
consultants.
REQUIRED QUALIFICATIONS:  
- Advanced degree in public health, social science, or communication or
related experience;
- Familiarity with Behavior-centered Programming SM preferred;
- At least five years experience in the design, implementation, and
monitoring/evaluation of behavior change programs in the developing
world, preferably including Philippines;
- Experience with behavior change in reproductive health and/or family
planning programs;
- Excellent communication, coordination, and facilitation skills;
- Experience with PC-based software, including word processing and basic
spreadsheet analysis;
- Knowledge of a language of the Philippines, or willingness to learn;
- High level of written and spoken English fluency.
APPLICATION PROCEDURES:  Please send cover letter and resume to Amy
Pearson at: apearson@.... 
Please clearly mention in your application letter that you learned of
this job opportunity through Career Center and mention the URL of its
website - www.careercenter.am, Thanks.
APPLICATION DEADLINE:   23 January 2004
START DATE:  Immediate
----------------------------------
To place a free posting for job or other career related opportunities in
your organization at careercenter.am website, e-mail us atmailbox@...","Jan 7, 2004",BCC Specialist,Manoff Group,NA,NA,NA,NA,NA,NA,"Manila, Philippines","The LEAD (Local Enhancement and Development for
Health) BCC Specialist will apply state-of-the-art approaches in working
with LGUs (Local Government Units) and NGOs to help them to identify and
address provider-caused barriers to service provision as well as to
identify and address supports for good service delivery by developing
tools that may be adapted to each LGU's needs. S/he will work with LEAD
staff across all components to support quality service delivery and will
also monitor implementation of improved service delivery in LGUs, and
will provide additional assistance to LGUs and NGOs, as needed. S/he
will collect all relevant published and grey literature documents,
identify gaps in knowledge, and work with NGOs and consultants to fill
in the gaps. S/he will establish training for NGOs and LGU
administration staff pursuing service enhancement and provider behavior
change and will oversee the training. S/he will serve as the Project's
primary liaison to TSAP and other projects and organizations working in
behavior change.","- Identify gaps in knowledge and overseeing information collection to
fill them;
- Consolidate partnerships with center of excellence of technical
support, working with local NGOs/COs, LCEs, and LGUs;
- Work with LEAD team to develop assessment tools for LGUs to identify
barriers and supports to quality service provision;
- Assist LGUs and NGOs to design and implement multifaceted (if
necessary), systematic interventions, based on assessment results, to
enhance quality service provision, especially through provider behavior
change. For example, ensure that not only providers, but their
supervisors are trained and that monitoring and supervisory systems
promote provider change, quality services, and sustainability of change;
- Assist other LEAD specialists and units to enhance the quality of
services, especially through BCC and provider behavior change, and
assure that programs serve community needs;
- Oversee and, when practical, co-facilitate behavior change training
activities and proposal development and coordinate these activities, as
needed, with other project components and counterpart agencies;
- Participate in developing programs to address common barriers (e.g.,
strengthen service providers' interpersonal communication skills through
on-the-job training and use of innovative training approaches based on
TSAP-FP and other projects' approaches);
- Provide training to local groups in developing programs in community
mobilization and advocacy to participate in health planning process; 
- Develop monitoring and evaluation systems for client-centered quality
care/ provider behavior change;
- Reinforce inter-organization collaboration and coordination of BCC
interventions to improve the overall quality of interventions;
- Serve as primary LEAD liaison with BCC agencies, projects, and
consultants.","- Advanced degree in public health, social science, or communication or
related experience;
- Familiarity with Behavior-centered Programming SM preferred;
- At least five years experience in the design, implementation, and
monitoring/evaluation of behavior change programs in the developing
world, preferably including Philippines;
- Experience with behavior change in reproductive health and/or family
planning programs;
- Excellent communication, coordination, and facilitation skills;
- Experience with PC-based software, including word processing and basic
spreadsheet analysis;
- Knowledge of a language of the Philippines, or willingness to learn;
- High level of written and spoken English fluency.",NA,"Please send cover letter and resume to Amy
Pearson at: apearson@.... 
Please clearly mention in your application letter that you learned of
this job opportunity through Career Center and mention the URL of its
website - www.careercenter.am, Thanks.",NA,"23 January 2004
START DATE:  Immediate",NA,NA,NA,2004,1,FALSE
"Yerevan Brandy Company
JOB TITLE:  Software Developer
POSITION LOCATION: Yerevan, Armenia
JOB RESPONSIBILITIES:  
- Rendering technical assistance to Database Management Systems;
- Realization of SQL servers maintenance activities: back-up and
replication;
- Participation in designing of software development projects.
REQUIRED QUALIFICATIONS:  
- University degree; economical background is a plus;
- Excellent knowledge of Windows 2000 Server, Networking TCP/ IP
technologies, MS SQL 2000 Server, Visual Basic 6;
- At least 2 years of experience in database software development;
- Good knowledge of English.
REMUNERATION:  Will be commensurate with the norms accepted in the
Company.
APPLICATION PROCEDURES:  Successful candidates should submit
- CV; 
- 2 relevant Recommendation Letters (from previous employers);
- Copy (-ies) of Diploma (-s) and relevant certificates (if available);
- 1 color photo (3x4)
either to: 2 Isakov Avenue, 375082, Yerevan or send by the following
fax: 587 713 or e-mail to:armine.bibilyan@..., Human Resources Department,
Armine Bibilyan.
Please clearly mention in your application letter that you learned of
this job opportunity through Career Center and mention the URL of its
website - www.careercenter.am, Thanks.
APPLICATION DEADLINE:  20 January 2004, 18:00
----------------------------------
To place a free posting for job or other career related opportunities in
your organization at careercenter.am website, e-mail us atmailbox@...","Jan 10, 2004",Software Developer,Yerevan Brandy Company,NA,NA,NA,NA,NA,NA,"Yerevan, Armenia",NA,"- Rendering technical assistance to Database Management Systems;
- Realization of SQL servers maintenance activities: back-up and
replication;
- Participation in designing of software development projects.","- University degree; economical background is a plus;
- Excellent knowledge of Windows 2000 Server, Networking TCP/ IP
technologies, MS SQL 2000 Server, Visual Basic 6;
- At least 2 years of experience in database software development;
- Good knowledge of English.
REMUNERATION:  Will be commensurate with the norms accepted in the
Company.",NA,"Successful candidates should submit
- CV; 
- 2 relevant Recommendation Letters (from previous employers);
- Copy (-ies) of Diploma (-s) and relevant certificates (if available);
- 1 color photo (3x4)
either to: 2 Isakov Avenue, 375082, Yerevan or send by the following
fax: 587 713 or e-mail to:armine.bibilyan@..., Human Resources Department,
Armine Bibilyan.
Please clearly mention in your application letter that you learned of
this job opportunity through Career Center and mention the URL of its
website - www.careercenter.am, Thanks.",NA,"20 January 2004, 18:00",NA,NA,NA,2004,1,TRUE
"Boutique ""Appollo""
JOB TITLE:  Saleswoman
POSITION LOCATION: Yerevan, Armenia
WORK HOURS: 10:00 - 20:00; one free day per week.
JOB DESCRIPTION:   Saleswoman will sell menswear and accessories.
REQUIRED QUALIFICATIONS:  
- Candidates should be female, 20-30 years old;
- Nice-looking exterior; 
- Excellent communication skills;
- Fluency in Armenian and Russian;  
- Good knowledge of English (oral).
REMUNERATION:  Starting salary - 40,000 AMD.
APPLICATION PROCEDURES:  For further information, please contact Irina
Nalbandyan at: 538118.
Please clearly mention in your application letter that you learned of
this job opportunity through Career Center and mention the URL of its
website - www.careercenter.am, Thanks.
APPLICATION DEADLINE:   01 February 2004
----------------------------------
To place a free posting for job or other career related opportunities in
your organization at careercenter.am website, e-mail us atmailbox@...","Jan 10, 2004",Saleswoman,"Boutique ""Appollo""",NA,NA,NA,NA,NA,NA,"Yerevan, Armenia
WORK HOURS: 10:00 - 20:00; one free day per week.",Saleswoman will sell menswear and accessories.,NA,"- Candidates should be female, 20-30 years old;
- Nice-looking exterior; 
- Excellent communication skills;
- Fluency in Armenian and Russian;  
- Good knowledge of English (oral).
REMUNERATION:  Starting salary - 40,000 AMD.",NA,"For further information, please contact Irina
Nalbandyan at: 538118.
Please clearly mention in your application letter that you learned of
this job opportunity through Career Center and mention the URL of its
website - www.careercenter.am, Thanks.",NA,01-Feb-04,NA,NA,NA,2004,1,FALSE
"OSI Assistance Foundation - Armenian Branch Office
JOB TITLE:  Chief Accountant/ Finance Assistant
POSITION LOCATION: Yerevan, Armenia
JOB DESCRIPTION:   The Armenian Branch Office of the Open Society
Institute Assistance Foundation is seeking applications for the position
of Chief Accountant/ Finance Assistant. The Chief Accountant/ Finance
Assistant will be responsible for all transactions, connected with grant
payments, administrative expenses. 
REQUIRED QUALIFICATIONS: 
- University degree in finance/ accounting; 
- One year minimum experience in an international organization; 
- Strong organizational skills; 
- Good knowledge of software programs: MS Excel and MS Access; 
- Good knowledge of IAS, Armenian taxation laws, reporting requirements
and current reforms; 
- Discretion and ability to handle confidential issues; 
- Self-motivation with an ability to set and meet goals; 
- Quick learning skills; 
- Fluency in English, Armenian and Russian. 
APPLICATION PROCEDURES:  For submission of applications/ CVs, please
contact the OSI AF - Armenia at: 1 Pushkin Str., apt. 2. Tel: 54 2119,
54 39 01, 54 17 19; e-mail: jobs@.... 
Please clearly mention in your application letter that you learned of
this job opportunity through Career Center and mention the URL of its
website - www.careercenter.am, Thanks.
APPLICATION DEADLINE:   16 January 2004, 6:00 pm.
----------------------------------
To place a free posting for job or other career related opportunities in
your organization at careercenter.am website, e-mail us atmailbox@...","Jan 11, 2004",Chief Accountant/ Finance Assistant,OSI Assistance Foundation - Armenian Branch Office,NA,NA,NA,NA,NA,NA,"Yerevan, Armenia","The Armenian Branch Office of the Open Society
Institute Assistance Foundation is seeking applications for the position
of Chief Accountant/ Finance Assistant. The Chief Accountant/ Finance
Assistant will be responsible for all transactions, connected with grant
payments, administrative expenses.",NA,"- University degree in finance/ accounting; 
- One year minimum experience in an international organization; 
- Strong organizational skills; 
- Good knowledge of software programs: MS Excel and MS Access; 
- Good knowledge of IAS, Armenian taxation laws, reporting requirements
and current reforms; 
- Discretion and ability to handle confidential issues; 
- Self-motivation with an ability to set and meet goals; 
- Quick learning skills; 
- Fluency in English, Armenian and Russian.",NA,"For submission of applications/ CVs, please
contact the OSI AF - Armenia at: 1 Pushkin Str., apt. 2. Tel: 54 2119,
54 39 01, 54 17 19; e-mail: jobs@.... 
Please clearly mention in your application letter that you learned of
this job opportunity through Career Center and mention the URL of its
website - www.careercenter.am, Thanks.",NA,"16 January 2004, 6:00 pm.",NA,NA,NA,2004,1,FALSE
"International Research & Exchanges Board (IREX)
TITLE:   Non-paid part or full time Programmatic Intern
DURATION:  6 months
LOCATION:  IREX Armenia Main Office
DESCRIPTION:   IREX currently seeks to fill the position of non-paid
full and part time Programmatic Intern. The position is based in the
Yerevan office. This position reports directly to the Administrative
Coordinator or Program Manager.
The internship program serves to:
- Reinforce and strengthen the interns' personal values and career
objectives through an improved understanding of themselves and the work
environment;
- Assist students in identifying and acquiring the skills needed to
enter a chosen field;
- Provide practical work experience to balance the students' theoretical
training;
- Allow students to meet and learn from professionals in the field and
develop a network of contacts.
Internship Areas:
Administrative Internship
The IREX Administrative Internship provides interns with experience in
the areas of public relations, secretarial support, translation and
interpretation.  Interns will be responsible for greeting visitors,
responding to walk in and telephone inquiries about IREX and its
programs, directing office communications to appropriate staff, editing
of written text, assisting with daily administrative tasks such as
written translation, oral interpretation, filing, copying, faxing,
drafting correspondence, research, and other duties as needed.
Program Internships
The IREX Program Internship provides interns with experience working
directly with one or more of IREX's programs including public relations
and outreach, event coordination, and administrative tasks related to
specific programs.  Interns will be responsible for responding to walk
in and telephone inquiries related to the program, assisting program
staff with public outreach campaigns, assisting in the development and
editing of outreach materials, assisting in event coordination and
program related research, and various administrative tasks including but
not limited to written translation, oral interpretation, filing,
copying, faxing, and drafting correspondence.  IREX Program Interns are
assigned to programs according to program needs, technical resources
available, and intern skills.  Possible placements include: the
Educational Information Center (EIC) and Computer Based Testing Center,
the Internet Access Training Program (IATP), the Community Connection
Exchange Program, Partnerships and Training Division Education
Curriculum Development Programs, and the Academic and Exchanges and
Research Division Alumni Program.
APPLICATION PROCEDURES:   To apply, please download and submit the
application form. For more information please contact IREX at: (374-1)
57-53-36; 57-18-96; 57-16-31 or e-mail us at: irex@.... 
Please clearly mention in your application letter that you learned of
this opportunity through Career Center and mention the URL of its
website - www.careercenter.am, Thanks.
APPLICATION DEADLINE:   16 January 2004
ABOUT COMPANY:   The International Research & Exchanges Board (IREX) is
a US-Based private, non-profit organization. The IREX Armenia Yerevan
office was established in 1992 and is a place in Armenia where
interested individuals can obtain up-to-date information on study,
research, and professional internship opportunities in the Unites
States. 
IREX Yerevan collaborates with national government branches, local and
international NGOs and institutions of higher education in the promotion
of IREX- administered research and professional programs. The goal of
these programs is to make American academic and professional experiences
available to qualified individuals.
----------------------------------
To place a free posting for job or other career related opportunities in
your organization at careercenter.am website, e-mail us atmailbox@...","Jan 13, 2004",Non-paid part or full time Programmatic Intern,International Research & Exchanges Board (IREX),NA,NA,NA,NA,NA,6 months,"IREX Armenia Main Office
DESCRIPTION:   IREX currently seeks to fill the position of non-paid
full and part time Programmatic Intern. The position is based in the
Yerevan office. This position reports directly to the Administrative
Coordinator or Program Manager.
The internship program serves to:
- Reinforce and strengthen the interns' personal values and career
objectives through an improved understanding of themselves and the work
environment;
- Assist students in identifying and acquiring the skills needed to
enter a chosen field;
- Provide practical work experience to balance the students' theoretical
training;
- Allow students to meet and learn from professionals in the field and
develop a network of contacts.
Internship Areas:
Administrative Internship
The IREX Administrative Internship provides interns with experience in
the areas of public relations, secretarial support, translation and
interpretation.  Interns will be responsible for greeting visitors,
responding to walk in and telephone inquiries about IREX and its
programs, directing office communications to appropriate staff, editing
of written text, assisting with daily administrative tasks such as
written translation, oral interpretation, filing, copying, faxing,
drafting correspondence, research, and other duties as needed.
Program Internships
The IREX Program Internship provides interns with experience working
directly with one or more of IREX's programs including public relations
and outreach, event coordination, and administrative tasks related to
specific programs.  Interns will be responsible for responding to walk
in and telephone inquiries related to the program, assisting program
staff with public outreach campaigns, assisting in the development and
editing of outreach materials, assisting in event coordination and
program related research, and various administrative tasks including but
not limited to written translation, oral interpretation, filing,
copying, faxing, and drafting correspondence.  IREX Program Interns are
assigned to programs according to program needs, technical resources
available, and intern skills.  Possible placements include: the
Educational Information Center (EIC) and Computer Based Testing Center,
the Internet Access Training Program (IATP), the Community Connection
Exchange Program, Partnerships and Training Division Education
Curriculum Development Programs, and the Academic and Exchanges and
Research Division Alumni Program.",NA,NA,NA,NA,"To apply, please download and submit the
application form. For more information please contact IREX at: (374-1)
57-53-36; 57-18-96; 57-16-31 or e-mail us at: irex@.... 
Please clearly mention in your application letter that you learned of
this opportunity through Career Center and mention the URL of its
website - www.careercenter.am, Thanks.",NA,16-Jan-04,NA,"The International Research & Exchanges Board (IREX) is
a US-Based private, non-profit organization. The IREX Armenia Yerevan
office was established in 1992 and is a place in Armenia where
interested individuals can obtain up-to-date information on study,
research, and professional internship opportunities in the Unites
States. 
IREX Yerevan collaborates with national government branches, local and
international NGOs and institutions of higher education in the promotion
of IREX- administered research and professional programs. The goal of
these programs is to make American academic and professional experiences
available to qualified individuals.",NA,2004,1,FALSE
"Yerevan Brandy Company 
JOB TITLE:  Assistant to Managing Director
POSITION LOCATION: Yerevan, Armenia
JOB RESPONSIBILITIES:  
- Coordinating the work of subordinate employees;
- Maintaining liaison with the other subdivisions within the Company;
- Managing correspondence flow;
- Realizing written and verbal translations;
- Organizing meetings and conferences; compiling minutes of meetings;
- Drawing reports;
- Operating office equipment.
REQUIRED QUALIFICATIONS:  
- University degree;
- At least 3 years of experience in the relevant field;
- Mastership of the office work and competency of business ethics;
- Excellent working knowledge of written and verbal Armenian, Russian
and English; knowledge of French is a plus;
- Knowledge of MS Office;
- Strong problem-solving and organizational skills; outstanding
interpersonal skills.  
REMUNERATION:  Will be commensurate with the norms accepted in the
Company
APPLICATION PROCEDURES:  Successful candidates should submit
- CV; 
- 2 relevant Recommendation Letters (from previous employers);
- Copy (-ies) of Diploma (-s);
- 1 color photo (3x4)
either to: 2 Isakov Avenue, 375082, Yerevan or send by the following
fax: 587 713 or e-mail to:armine.bibilyan@..., Human Resources Department,
Armine Bibilyan.
Please clearly mention in your application letter that you learned of
this job opportunity through Career Center and mention the URL of its
website - www.careercenter.am, Thanks.
APPLICATION DEADLINE:   27 January 2004, 18:00
----------------------------------
To place a free posting for job or other career related opportunities in
your organization at careercenter.am website, e-mail us atmailbox@...","Jan 13, 2004",Assistant to Managing Director,Yerevan Brandy Company,NA,NA,NA,NA,NA,NA,"Yerevan, Armenia",NA,"- Coordinating the work of subordinate employees;
- Maintaining liaison with the other subdivisions within the Company;
- Managing correspondence flow;
- Realizing written and verbal translations;
- Organizing meetings and conferences; compiling minutes of meetings;
- Drawing reports;
- Operating office equipment.","- University degree;
- At least 3 years of experience in the relevant field;
- Mastership of the office work and competency of business ethics;
- Excellent working knowledge of written and verbal Armenian, Russian
and English; knowledge of French is a plus;
- Knowledge of MS Office;
- Strong problem-solving and organizational skills; outstanding
interpersonal skills.  
REMUNERATION:  Will be commensurate with the norms accepted in the
Company",NA,"Successful candidates should submit
- CV; 
- 2 relevant Recommendation Letters (from previous employers);
- Copy (-ies) of Diploma (-s);
- 1 color photo (3x4)
either to: 2 Isakov Avenue, 375082, Yerevan or send by the following
fax: 587 713 or e-mail to:armine.bibilyan@..., Human Resources Department,
Armine Bibilyan.
Please clearly mention in your application letter that you learned of
this job opportunity through Career Center and mention the URL of its
website - www.careercenter.am, Thanks.",NA,"27 January 2004, 18:00",NA,NA,NA,2004,1,FALSE
